{
  "hash": "a50d9556",
  "configHash": "b39e6a26",
  "lockfileHash": "0e72107a",
  "browserHash": "9c918ebf",
  "optimized": {
    "@angular/common": {
      "src": "../../../../../node_modules/@angular/common/fesm2022/common.mjs",
      "file": "@angular_common.js",
      "fileHash": "facb76cd",
      "needsInterop": false
    },
    "@angular/common/http": {
      "src": "../../../../../node_modules/@angular/common/fesm2022/http.mjs",
      "file": "@angular_common_http.js",
      "fileHash": "5bed7a6f",
      "needsInterop": false
    },
    "@angular/core": {
      "src": "../../../../../node_modules/@angular/core/fesm2022/core.mjs",
      "file": "@angular_core.js",
      "fileHash": "1acfa770",
      "needsInterop": false
    },
    "@angular/forms": {
      "src": "../../../../../node_modules/@angular/forms/fesm2022/forms.mjs",
      "file": "@angular_forms.js",
      "fileHash": "23f43d35",
      "needsInterop": false
    },
    "@angular/platform-browser": {
      "src": "../../../../../node_modules/@angular/platform-browser/fesm2022/platform-browser.mjs",
      "file": "@angular_platform-browser.js",
      "fileHash": "06b42fa5",
      "needsInterop": false
    },
    "@angular/router": {
      "src": "../../../../../node_modules/@angular/router/fesm2022/router.mjs",
      "file": "@angular_router.js",
      "fileHash": "a6098705",
      "needsInterop": false
    }
  },
  "chunks": {
    "chunk-I5CGGH7T": {
      "file": "chunk-I5CGGH7T.js"
    },
    "chunk-VWVLBVPE": {
      "file": "chunk-VWVLBVPE.js"
    },
    "chunk-GTUCESPA": {
      "file": "chunk-GTUCESPA.js"
    },
    "chunk-3W2WHAOB": {
      "file": "chunk-3W2WHAOB.js"
    }
  }
}